trip_id,started_event_id,pickup_datetime,pulocation_id,dolocation_id,passenger_count,estimated_trip_distance,estimated_trip_duration_seconds,estimate_level,route_sample_count,predicted_fare_amount,model_name,model_version,model_stage,prediction_timestamp,year_month,completed_event_id,dropoff_datetime,actual_fare_amount,prediction_error,absolute_error
04ad478fef87bf06e978f9fba67ad53e9f79ecc725baa50706c814f462281af6,ee3ebdcdbf41d380dea3f85dae9bc9438c65d39d3d26ae5aa5be50c6498c96d7,2023-12-31 23:39:17,90,68,2,0.47,163.0,route_time,1,6.14,XGB_NYC_Fare,3,Production,2026-05-17 19:42:56.998797+00:00,2023-12,ee3ebdcdbf41d380dea3f85dae9bc9438c65d39d3d26ae5aa5be50c6498c96d7,2023-12-31 23:42:00,5.1,1.04,1.04
e685b1c9c87046e9cffe8682a2ae1d6fc544303ec675b4abb53731e7f3a4e4d6,c3959eb0a5a75a73ba5c0840ff27e76e1b0a6db5a5bfa5ac69d49d4a0d4be40e,2023-12-31 23:41:02,246,246,1,0.4,421.0,route_time,1,10.25,XGB_NYC_Fare,3,Production,2026-05-17 19:42:56.998797+00:00,2023-12,c3959eb0a5a75a73ba5c0840ff27e76e1b0a6db5a5bfa5ac69d49d4a0d4be40e,2023-12-31 23:48:03,7.2,3.05,3.05
b67574fcea6ee5563cccbdbacd3ef4cbea08c165be06433ae7fafeb762c89719,ccfe87807ebe3048d557e240ab3628b711c4854cb188f6e1b973809533e4785f,2023-12-31 23:47:28,68,137,2,1.44,579.0,route_time,1,11.0,XGB_NYC_Fare,3,Production,2026-05-17 19:42:56.998797+00:00,2023-12,ccfe87807ebe3048d557e240ab3628b711c4854cb188f6e1b973809533e4785f,2023-12-31 23:57:07,10.7,0.3,0.3
c58f8a6f671568a16b3100bfd28661cd9cef1f3e5ad0dee304f7727860a3fb64,1f92c4144670b079c4d6846e4567c37dea8d5f06a8b4d4b9abfe081f661146c1,2023-12-31 23:49:12,234,237,1,3.14,920.0,route_time,1,18.49,XGB_NYC_Fare,3,Production,2026-05-17 19:42:56.998797+00:00,2023-12,1f92c4144670b079c4d6846e4567c37dea8d5f06a8b4d4b9abfe081f661146c1,2024-01-01 00:04:32,17.0,1.49,1.49
59b74a0463ebd98ca3252d2c0efa77648c8ec400775fda691da8538ea214ce01,f2d531b90669f7d6cfa875b92922f5bb04a1b747a9b9ef69f023c51e9e84173d,2023-12-31 23:54:27,229,244,1,7.7,1125.0,route_time,1,33.05,XGB_NYC_Fare,3,Production,2026-05-17 19:42:56.998797+00:00,2023-12,f2d531b90669f7d6cfa875b92922f5bb04a1b747a9b9ef69f023c51e9e84173d,2024-01-01 00:13:12,33.1,-0.05,0.05
c23931842b91a97d13346b36547ac1640c67fee79ac00afc1807da822ff66f63,c341c7cb472561ad05ae5b7487ae7f99309b3f320ac7cd9057d124448c0bddc1,2023-12-31 23:56:45,163,237,1,0.97,223.0,route_time,1,6.91,XGB_NYC_Fare,3,Production,2026-05-17 19:42:57.060111+00:00,2023-12,c341c7cb472561ad05ae5b7487ae7f99309b3f320ac7cd9057d124448c0bddc1,2024-01-01 00:00:28,6.5,0.41,0.41
0114092a213162dff11693dcd2045a42f16156fc3387ef8f17e1e33bcc1edf0f,3de328163b99970c89b99ccd0e0fa69aa6ad19504fc90fe932b3f47a8f7b9448,2023-12-31 23:56:46,236,142,2,2.38,920.0,route_time,1,15.91,XGB_NYC_Fare,3,Production,2026-05-17 19:42:57.060111+00:00,2023-12,3de328163b99970c89b99ccd0e0fa69aa6ad19504fc90fe932b3f47a8f7b9448,2024-01-01 00:12:06,15.6,0.31,0.31
ed286e0e97b8d7c4c51625046879c958d73a2309716ccd88e24a20d20e7bf1ab,9442933825d488c420e30edb70f354e7e879c44c8c632fa886aea46661fa3da1,2023-12-31 23:57:17,144,211,1,0.53,273.0,route_time,1,6.51,XGB_NYC_Fare,3,Production,2026-05-17 19:42:57.060111+00:00,2023-12,9442933825d488c420e30edb70f354e7e879c44c8c632fa886aea46661fa3da1,2024-01-01 00:01:50,5.8,0.71,0.71
7a957b2e08f04b6e21d7a71693ba82d08e6b11b0222c7efbff70af4303069e8f,90a0a7a3c01953c0f93ce227fcae3adafaad592d808d67a74259e86d247cdd1e,2023-12-31 23:58:35,138,217,6,8.39,871.0,route_time,1,35.45,XGB_NYC_Fare,3,Production,2026-05-17 19:42:57.060111+00:00,2023-12,90a0a7a3c01953c0f93ce227fcae3adafaad592d808d67a74259e86d247cdd1e,2024-01-01 00:13:06,33.1,2.35,2.35
4b4c8f225f27e0b4a2f866caac565e257338a1c50f830daad64cd8f5230aac30,7a561ddec10d929a7f6fe8f1a622b4af2b49dc93606d2685c2fafc706215f0ce,2023-12-31 23:58:37,161,170,2,0.59,600.0,route_time,1,8.7,XGB_NYC_Fare,3,Production,2026-05-17 19:42:57.060111+00:00,2023-12,7a561ddec10d929a7f6fe8f1a622b4af2b49dc93606d2685c2fafc706215f0ce,2024-01-01 00:08:37,10.0,-1.3,1.3
129a36322971827c853196d4163cb87309d1d489f3020dddab6f380c9cf84884,ea7e3fdc91ac5a295b4635ca159cd47e0d512b9bcdb365da774832fd0aafb84e,2024-01-01 00:00:00,140,140,1,0.62,212.0,route_time,6,6.27,XGB_NYC_Fare,3,Production,2026-05-17 19:42:57.120979+00:00,2024-01,ea7e3fdc91ac5a295b4635ca159cd47e0d512b9bcdb365da774832fd0aafb84e,2024-01-01 00:02:49,4.4,1.87,1.87
d2df5077b347a4b0171b5bc953c640d44f1b0bb2e0121bca3c05219afc2ae53a,05ef2c2c1a0b3521fffc1201cf6fc7f1c1548c3f9df35ce591a754399feded9f,2024-01-01 00:00:02,161,236,2,2.02,704.0,route_time,9,13.43,XGB_NYC_Fare,3,Production,2026-05-17 19:42:57.120979+00:00,2024-01,05ef2c2c1a0b3521fffc1201cf6fc7f1c1548c3f9df35ce591a754399feded9f,2024-01-01 00:04:36,8.6,4.83,4.83
889b4a716276cf1b012f3f03507b246ca699a6407c12cce551d08f06eeb8bb52,e67513ce92803253c56e36e758d4cef3280415f7f24a178af2eb7d05f4e7808b,2024-01-01 00:00:03,136,18,1,0.5,193.0,route_time,1,5.85,XGB_NYC_Fare,3,Production,2026-05-17 19:42:57.120979+00:00,2024-01,e67513ce92803253c56e36e758d4cef3280415f7f24a178af2eb7d05f4e7808b,2024-01-01 00:03:16,5.1,0.75,0.75
4a23df2b6f4191677e43e1f01ceb7adf52d49decf3e9947ccef878bd1ec14c49,723db0041868ecc4b7cdb2d877b7e215db0d736c5dca5bf98da17530cb3be0fe,2024-01-01 00:00:04,125,157,1,7.37,1348.0,route_time,1,33.12,XGB_NYC_Fare,3,Production,2026-05-17 19:42:57.120979+00:00,2024-01,723db0041868ecc4b7cdb2d877b7e215db0d736c5dca5bf98da17530cb3be0fe,2024-01-01 00:22:32,33.8,-0.68,0.68
6816f5d26a6e35f1d56456e935579e98da0c8e1084b0a5bb6a1d52ea5051d222,71d894c0ce51f4aac5884e6d3a14ae20ac11c3479b2df978897deb00d9525738,2024-01-01 00:00:05,132,41,2,18.85,1694.0,route_time,3,70.51,XGB_NYC_Fare,3,Production,2026-05-17 19:42:57.120979+00:00,2024-01,71d894c0ce51f4aac5884e6d3a14ae20ac11c3479b2df978897deb00d9525738,2024-01-01 00:26:44,70.0,0.51,0.51
34a9970d2fc04b92307ab353782ebef5a65142776d9755a391729c809fc85cbf,46f6398c10f1a10c692865c4ee3a35e82d3649f4c6d6a74c3c4f0a85727f104b,2024-01-01 00:00:11,229,181,1,9.55,1172.0,route_time,1,37.93,XGB_NYC_Fare,3,Production,2026-05-17 19:42:57.185320+00:00,2024-01,46f6398c10f1a10c692865c4ee3a35e82d3649f4c6d6a74c3c4f0a85727f104b,2024-01-01 00:19:43,38.0,-0.07,0.07
429cc1a63d6651a523f2d01be137b54e7d15b421fb27544ec690e578ca879c7f,04c6ce7ee86aae67a3ab2f44ee052bd3726646ab4b3e260a021782f64b0b493d,2024-01-01 00:00:11,234,265,1,9.89,2542.0,route_time,1,58.54,XGB_NYC_Fare,3,Production,2026-05-17 19:42:57.185320+00:00,2024-01,04c6ce7ee86aae67a3ab2f44ee052bd3726646ab4b3e260a021782f64b0b493d,2024-01-01 00:42:33,81.4,-22.86,22.86
ae265947dcc2b37bad1fe707997c4e9a715715ce6fc2214e8c23b191d3ff29f2,70f1cb4aa81854848d5e17de670225a4745dcf24e42f9c7b3eed9aa2fbc389bd,2024-01-01 00:00:11,113,234,1,0.86,438.0,route_time,3,8.6,XGB_NYC_Fare,3,Production,2026-05-17 19:42:57.185320+00:00,2024-01,70f1cb4aa81854848d5e17de670225a4745dcf24e42f9c7b3eed9aa2fbc389bd,2024-01-01 00:21:25,16.3,-7.7,7.7
3ad7b0ebf4f9b0a7246bb5cfc7d4f22af117f015277055422d53d0686a10b9e1,b220aeda9b81dea9c701b2d934d9b9d416073e5dbd83d4036b1cf235941efdaa,2024-01-01 00:00:17,161,75,1,2.88,1075.0,route_time,3,19.02,XGB_NYC_Fare,3,Production,2026-05-17 19:42:57.185320+00:00,2024-01,b220aeda9b81dea9c701b2d934d9b9d416073e5dbd83d4036b1cf235941efdaa,2024-01-01 00:07:46,12.1,6.92,6.92
222df7d896c03361770f01ba0db93cf7bafd827ef10221a8baf2b9be8bfa183c,8c9994be7706780f5367307650b8d903d6437dcde78916da27c45178b05640d7,2024-01-01 00:00:21,162,236,1,2.3,659.0,route_time,5,13.45,XGB_NYC_Fare,3,Production,2026-05-17 19:42:57.185320+00:00,2024-01,8c9994be7706780f5367307650b8d903d6437dcde78916da27c45178b05640d7,2024-01-01 00:16:49,14.9,-1.45,1.45
00a21a68004337dedeaefd689326b4817c65f222b480e1eb7d5b7104d4b62150,85ba65002effbe851db5a3242383fd877236b4cd440abd0b7d26a6f664e45aa7,2024-01-01 00:00:25,132,262,3,19.12,1467.0,route_time,1,69.83,XGB_NYC_Fare,3,Production,2026-05-17 19:42:57.261328+00:00,2024-01,85ba65002effbe851db5a3242383fd877236b4cd440abd0b7d26a6f664e45aa7,2024-01-01 00:24:52,70.0,-0.17,0.17
c9180aa1d8d1dc5973a134187f2287730bebe9467b20c338818025efdf328d9c,a4f385a7d48b8ea81957864e46bd6eba28c02e3399567c94e68cfa7b8de71130,2024-01-01 00:00:26,132,129,3,12.5,1680.0,route_time,1,53.75,XGB_NYC_Fare,3,Production,2026-05-17 19:42:57.261328+00:00,2024-01,a4f385a7d48b8ea81957864e46bd6eba28c02e3399567c94e68cfa7b8de71130,2024-01-01 00:28:26,51.3,2.45,2.45
cbe91c98997072682991a9ab801b81089cf206e0595ab3d9e448511e3b6b2538,4a6363754b4b35c1fa3d1c4ea3266cb2dc6b183f099356c0cd1611054e1ea53b,2024-01-01 00:00:36,263,226,4,3.97,781.0,route_time,1,24.07,XGB_NYC_Fare,3,Production,2026-05-17 19:42:57.261328+00:00,2024-01,4a6363754b4b35c1fa3d1c4ea3266cb2dc6b183f099356c0cd1611054e1ea53b,2024-01-01 00:13:37,18.4,5.67,5.67
9e9ffeae7eaabd9e8f67e0ca2cdeb82d6ef6a8e2211ed0514f0876c0b5a3c476,f411f349aedecf4935d577baf9256210c5e76f91be54120a8395777ccec7c2f8,2024-01-01 00:00:36,132,134,1,6.33,738.0,route_time,1,27.28,XGB_NYC_Fare,3,Production,2026-05-17 19:42:57.261328+00:00,2024-01,f411f349aedecf4935d577baf9256210c5e76f91be54120a8395777ccec7c2f8,2024-01-01 00:12:54,26.1,1.18,1.18
d79fd48c69ea40afb5b4db5f4dc1e926f3ff938e900b6f18fafd41b45891317b,92e1261c60dcfd151b4432830040ab770f724202fa186aeb03dfb81cf6a469bf,2024-01-01 00:00:42,164,161,1,1.045,523.0,route_time,8,9.6,XGB_NYC_Fare,3,Production,2026-05-17 19:42:57.261328+00:00,2024-01,92e1261c60dcfd151b4432830040ab770f724202fa186aeb03dfb81cf6a469bf,2024-01-01 00:06:17,7.9,1.7,1.7
9470b646f13a0c197c5cb0e38079a9c01d3279c1a6d17b0a3bf3a864f7fda858,26e17a11557ba961db7cc889e5f3479cd2b446a49a0176ef0046f4be2673c461,2024-01-01 00:00:42,50,143,1,1.36,617.5,route_time,4,10.91,XGB_NYC_Fare,3,Production,2026-05-17 19:42:57.325488+00:00,2024-01,26e17a11557ba961db7cc889e5f3479cd2b446a49a0176ef0046f4be2673c461,2024-01-01 00:06:35,7.9,3.01,3.01
40f049c9c6de3d9b98408e8cf297256ae8733f6c0e27d528c47149d1f0e794c3,6643b0f8d6c08f630b620e91c2ccc6ab7d5e59c196f001b6767379819a96b925,2024-01-01 00:00:44,132,145,1,16.46,1670.5,route_time,2,64.39,XGB_NYC_Fare,3,Production,2026-05-17 19:42:57.325488+00:00,2024-01,6643b0f8d6c08f630b620e91c2ccc6ab7d5e59c196f001b6767379819a96b925,2024-01-01 00:29:18,68.1,-3.71,3.71
04a42449db03f828f70dd9df07f9f5acefda128085de20ecf7ab5e56818d4a4c,d6745bc99e8d3640e3d4b73e2027fa6e648ea2989e6e0b51ac8d7cc7d3d42379,2024-01-01 00:00:47,237,236,2,0.89,324.0,route_time,25,7.83,XGB_NYC_Fare,3,Production,2026-05-17 19:42:57.325488+00:00,2024-01,d6745bc99e8d3640e3d4b73e2027fa6e648ea2989e6e0b51ac8d7cc7d3d42379,2024-01-01 00:03:11,5.1,2.73,2.73
b0ab55a4f78e9e1160b15afd6ebc424fa6efe0a15962bb2b921f0b2f14b29495,57ca2e6a6291723b51e62496d7eec542e919a87e9ee57637c51aaf6af1c0e9cc,2024-01-01 00:01:06,114,143,1,4.26,2688.0,route_time,3,38.38,XGB_NYC_Fare,3,Production,2026-05-17 19:42:57.325488+00:00,2024-01,57ca2e6a6291723b51e62496d7eec542e919a87e9ee57637c51aaf6af1c0e9cc,2024-01-01 00:27:14,26.8,11.58,11.58
24d9e63aacb35bb8604f4669363e7039296a8f124e330755a6d344bad9865c96,ac1be59ab11cdf01a014e3f059cfdb21ee85fda23ecdf08e9f9a5914879682da,2024-01-01 00:01:07,138,141,1,9.57,952.0,route_time,1,38.37,XGB_NYC_Fare,3,Production,2026-05-17 19:42:57.325488+00:00,2024-01,ac1be59ab11cdf01a014e3f059cfdb21ee85fda23ecdf08e9f9a5914879682da,2024-01-01 00:16:59,36.6,1.77,1.77
